assists,boosts,headshotKills,heals,kills,longestKill,matchDuration,matchType,revives,teamKills,vehicleDestroys,walkDistance,weaponsAcquired,winPlacePerc
0,0,0,0,0,0.0,1353,duo-fpp,0,0,0,1058.0,3,0.4894
0,0,0,0,0,0.0,1330,squad-fpp,0,0,0,2382.0,4,0.6333
0,0,0,0,0,0.0,1367,solo-fpp,0,0,0,812.0,5,0.6327
0,0,0,0,0,0.0,1957,squad-fpp,0,0,0,18.64,1,0.0714
0,1,0,0,1,156.3,1796,duo-fpp,0,0,0,3457.0,6,0.7447
0,4,0,3,3,77.6,1368,squad-fpp,0,0,0,3160.0,7,0.8889
0,0,0,0,0,0.0,1920,solo-fpp,0,0,0,2248.0,4,0.4737
0,0,0,0,0,0.0,1783,duo-fpp,0,0,0,270.1,1,0.3043
0,0,0,0,0,0.0,1377,squad,0,0,0,23.41,1,0.0
0,0,0,0,1,10.99,1835,squad-fpp,1,0,0,1078.0,6,0.6071
1,6,2,7,3,200.5,1790,squad-fpp,0,0,0,2509.0,5,0.6897
0,3,2,12,2,55.5,2180,duo,1,0,1,3324.0,10,0.8958
0,0,0,0,0,0.0,1916,squad-fpp,0,0,0,51.66,4,0.1071
0,0,0,0,0,0.0,1373,squad,0,0,0,162.9,2,0.0769
0,3,1,3,1,27.04,1470,squad-fpp,0,0,0,2031.0,5,0.75
0,3,1,9,3,92.74,1293,squad-fpp,0,0,0,2826.0,6,0.9286
0,0,0,0,0,0.0,1440,squad-fpp,0,0,0,1351.0,3,0.5161
3,1,0,1,1,54.35,1268,squad-fpp,1,0,0,2638.0,4,0.9231
1,2,0,0,0,0.0,1431,squad-fpp,0,0,0,209.3,1,0.2857
0,0,0,0,0,0.0,1347,duo-fpp,0,0,0,270.3,3,0.3125
0,0,0,0,0,0.0,1954,duo-fpp,0,0,0,23.53,0,0.2
0,1,1,1,3,65.3,1344,squad-fpp,0,0,0,3679.0,4,0.8519
1,0,0,0,0,0.0,1844,squad,0,0,0,51.08,1,0.0385
0,2,0,3,2,11.73,1872,duo-fpp,0,0,0,1808.0,4,0.6042
0,0,0,1,0,0.0,1384,squad-fpp,1,0,0,1770.0,3,0.7308
3,3,0,3,1,16.94,1978,squad,2,1,0,1767.0,6,0.5909
0,0,0,3,2,4.524,1896,solo-fpp,0,0,0,1621.0,6,0.7708
0,0,0,0,0,0.0,1903,solo-fpp,0,0,0,28.89,1,0.0928
0,2,0,1,2,42.02,1396,duo-fpp,0,0,0,1890.0,5,0.8333
0,5,0,9,3,101.6,2025,squad,0,0,0,2861.0,7,0.6538
3,7,1,7,3,20.31,1416,squad-fpp,2,0,0,3136.0,2,1.0
1,9,0,4,0,0.0,1886,squad,1,0,0,3717.0,5,1.0
1,0,0,0,1,36.27,1342,squad,0,0,0,1434.0,7,0.72
0,0,0,0,0,0.0,1945,solo-fpp,0,0,0,506.4,3,0.4632
0,0,0,0,0,0.0,1877,duo-fpp,0,0,0,40.09,0,0.0217
1,0,0,0,1,6.263,1343,squad-fpp,0,0,0,545.5,4,0.4444
0,0,0,0,1,56.15,1459,squad-fpp,0,0,0,726.0,3,0.4483
0,3,0,4,1,5.798,1906,duo-fpp,1,0,0,1475.0,2,0.6596
0,0,1,5,2,15.46,1903,solo-fpp,0,0,0,308.0,3,0.4105
0,3,0,0,1,55.64,1898,solo-fpp,0,0,0,2532.0,3,0.7474
0,1,2,3,4,35.23,1962,squad-fpp,0,0,0,669.1,3,0.3462
0,0,0,0,1,71.16,1392,solo-fpp,0,0,0,1031.0,3,0.5625
0,1,0,0,3,69.83,1789,squad,0,0,1,2873.0,5,0.8333
0,3,0,6,0,0.0,1335,squad,1,0,0,2850.0,8,0.7857
0,0,0,3,0,0.0,1945,squad,1,0,0,2603.0,3,0.5714
0,0,0,0,0,0.0,2031,flarefpp,0,1,0,0.0,0,0.0
0,0,0,1,0,0.0,1869,duo-fpp,0,0,0,231.6,2,0.1042
0,0,0,0,1,12.37,1385,squad,0,0,0,54.66,1,0.0
0,0,0,0,0,0.0,1957,solo,0,0,0,1401.0,20,0.7041
0,0,0,0,1,5.667,1418,solo-fpp,0,0,0,164.9,2,0.1828
0,0,0,1,0,0.0,1343,solo-fpp,0,0,0,980.8,5,0.5258
0,2,0,1,1,4.159,1312,squad-fpp,0,0,0,465.6,3,0.2759
1,1,0,10,0,0.0,1795,duo-fpp,0,0,0,1252.0,11,0.6596
0,0,0,0,0,0.0,1884,solo-fpp,0,0,0,20.94,0,0.0549
0,0,0,0,0,0.0,1364,solo-fpp,0,0,0,30.73,0,0.0706
0,3,0,1,1,17.24,1369,squad-fpp,0,0,0,2946.0,7,0.9259
0,0,0,0,0,0.0,1777,squad-fpp,0,0,0,319.8,1,0.1852
0,0,0,0,0,0.0,1822,duo,0,0,0,132.1,2,0.0682
0,0,0,1,0,0.0,1384,squad-fpp,0,0,0,2000.0,5,0.7143
0,0,0,0,0,0.0,1381,squad-fpp,0,0,0,485.6,3,0.3462
2,2,0,6,0,0.0,1389,squad,0,0,0,2026.0,4,0.75
0,0,0,0,2,7.98,1287,squad-fpp,0,0,0,438.9,2,0.3333
0,1,1,0,2,113.3,1811,duo-fpp,0,0,0,2193.0,4,0.6809
1,2,0,0,1,22.4,1865,squad-fpp,0,0,0,2824.0,7,0.88
0,2,0,1,1,21.42,1778,squad-fpp,0,0,0,993.6,7,0.5862
0,0,0,1,3,33.04,1388,duo-fpp,0,0,0,2507.0,5,1.0
1,2,0,4,0,0.0,1864,squad-fpp,1,0,0,4200.0,9,0.8889
0,0,0,0,0,0.0,1878,squad-fpp,0,0,0,122.8,2,0.2143
1,7,0,7,3,35.68,1382,squad,1,0,0,3341.0,4,0.913
0,0,0,0,0,0.0,1924,duo,0,0,0,178.6,3,0.1224
1,6,0,8,2,73.29,1374,squad-fpp,1,0,0,3326.0,8,0.9677
0,1,0,5,2,10.41,1920,squad,0,0,0,1193.0,3,0.3462
0,3,0,2,0,0.0,1368,squad-fpp,0,0,0,732.0,6,0.6429
0,1,0,1,0,0.0,1750,duo-fpp,0,0,0,513.8,3,0.3023
0,0,0,0,1,68.18,1836,squad-fpp,0,0,0,146.1,1,0.1034
0,0,0,0,1,48.36,1926,solo-fpp,0,0,0,28.23,1,0.0323
1,5,0,3,0,0.0,1414,squad-fpp,0,0,0,2719.0,3,0.8929
0,0,0,0,0,0.0,1384,squad-fpp,0,0,0,156.9,3,0.4815
0,0,0,0,0,0.0,1307,duo-fpp,0,0,0,38.42,2,0.1042
0,0,0,1,0,0.0,1718,squad-fpp,0,0,0,44.91,2,0.0385
0,2,0,0,0,0.0,1881,duo-fpp,0,0,0,4053.0,4,0.8542
0,1,0,2,0,0.0,1380,squad-fpp,0,0,0,1812.0,6,0.75
1,1,0,0,0,0.0,1726,squad-fpp,0,0,0,1384.0,5,0.5652
0,5,1,5,8,73.78,1454,duo-fpp,1,0,0,1482.0,5,0.8125
0,2,2,5,5,80.48,1939,duo,0,0,0,3038.0,8,0.8261
0,0,0,0,0,0.0,1322,squad-fpp,0,0,0,476.6,3,0.56
0,0,0,0,0,0.0,1404,squad-fpp,0,0,0,263.1,3,0.2857
0,0,0,0,0,0.0,1457,duo,0,0,0,1506.0,6,0.625
0,0,0,0,0,0.0,1379,squad,0,0,0,339.6,6,0.3793
1,3,0,6,1,1.401,1372,solo,0,0,0,2955.0,6,0.9684
1,2,0,4,0,0.0,1820,squad-fpp,0,0,0,3982.0,6,0.7692
0,4,0,0,0,0.0,1432,duo-fpp,0,0,0,1515.0,4,0.551
0,2,0,1,1,4.19,1445,solo,0,0,0,391.2,3,0.5
0,0,0,0,0,0.0,1788,squad-fpp,0,0,0,477.9,3,0.3077
0,0,0,0,1,28.15,1377,solo-fpp,0,0,0,310.0,3,0.5319
0,0,0,0,0,0.0,1465,duo-fpp,0,0,0,227.1,2,0.2553
0,4,0,6,1,11.85,1379,duo-fpp,0,0,0,2885.0,5,0.8958
0,1,0,1,1,4.887,1814,solo,0,0,0,1209.0,5,0.9688
0,4,0,5,2,17.0,1920,duo-fpp,0,0,0,2102.0,8,0.8696
0,0,0,0,0,0.0,1877,squad,0,0,0,5.934,0,0.0
0,0,0,0,0,0.0,1794,squad-fpp,0,0,0,76.29,0,0.0
0,2,0,4,6,102.0,1389,squad-fpp,2,0,0,2603.0,3,0.9643
0,0,0,0,0,0.0,1959,duo-fpp,0,0,0,787.6,3,0.4286
1,0,0,0,0,0.0,1436,duo-fpp,0,0,0,227.6,3,0.2553
0,1,1,1,1,187.0,1375,squad-fpp,0,0,0,2603.0,4,0.8571
0,0,0,0,0,0.0,1934,squad,1,1,0,4626.0,6,0.8966
0,0,0,0,0,0.0,1347,duo-fpp,0,0,0,350.5,2,0.3043
0,0,2,1,4,27.28,1369,duo-fpp,0,0,0,387.8,2,0.4694
0,0,0,0,0,0.0,1842,duo,1,0,0,251.1,2,0.3125
0,4,1,3,4,89.84,1380,squad-fpp,0,0,0,2615.0,5,0.9259
0,0,0,0,0,0.0,1515,solo,0,0,0,169.0,1,0.2577
0,3,0,11,1,21.34,1898,solo-fpp,0,0,0,3254.0,6,0.8788
0,2,0,1,2,89.41,1420,squad-fpp,0,1,0,1044.0,4,0.4783
0,3,1,2,3,83.4,1352,duo-fpp,0,0,0,1581.0,2,0.75
0,1,0,0,0,0.0,1944,duo,0,0,0,814.2,3,0.3913
0,2,0,1,0,0.0,1817,squad-fpp,0,0,0,1035.0,8,0.5517
0,0,0,0,0,0.0,1380,duo-fpp,0,0,0,42.81,1,0.2889
1,7,1,5,6,88.02,1939,duo-fpp,0,0,0,1887.0,5,0.9783
0,0,0,0,2,58.87,1774,duo-fpp,0,0,0,48.87,2,0.1667
0,0,0,0,0,0.0,1538,duo-fpp,0,0,0,0.0,1,0.0208
0,0,0,0,0,0.0,1503,solo-fpp,0,0,0,54.31,4,0.1319
0,0,0,0,0,0.0,1303,solo-fpp,0,0,0,2191.0,10,0.8646
1,0,0,0,0,0.0,1381,squad-fpp,0,0,0,18.66,1,0.28
0,0,0,0,1,7.668,1311,solo-fpp,0,0,0,221.6,5,0.3804
0,1,0,3,0,0.0,1950,squad,0,0,0,695.6,5,0.3333
0,0,0,2,0,0.0,1329,squad,0,0,0,2336.0,7,0.4815
0,0,0,0,0,0.0,1813,solo-fpp,0,0,0,475.1,6,0.3871
0,0,0,0,1,1.259,1366,squad-fpp,0,0,0,240.7,2,0.25
0,0,0,0,0,0.0,1396,squad-fpp,0,0,0,759.4,4,0.3846
0,1,0,1,0,0.0,1903,duo,0,0,0,3944.0,5,0.7347
0,0,0,0,0,0.0,1294,squad-fpp,0,0,0,379.8,2,0.0667
0,1,1,0,4,108.8,1367,duo-fpp,0,0,0,949.2,6,0.6458
0,0,0,0,0,0.0,1381,solo-fpp,0,0,0,18.09,0,0.0102
0,0,0,0,0,0.0,1797,squad-fpp,0,0,0,147.7,2,0.24
0,0,0,0,0,0.0,1363,duo-fpp,0,0,0,420.6,2,0.383
0,3,0,7,0,0.0,1802,squad,0,0,0,1380.0,8,0.4483
0,0,0,0,0,0.0,1305,squad-fpp,0,0,0,24.42,1,0.0
0,0,0,0,0,0.0,1982,solo-fpp,0,0,0,430.8,7,0.1957
0,2,1,1,1,29.64,1338,solo-fpp,0,0,0,314.6,4,0.4742
0,5,0,2,1,26.57,1791,squad,1,0,0,1191.0,4,0.4444
0,1,0,0,0,0.0,1808,solo-fpp,0,0,0,2423.0,3,0.6458
0,0,0,0,0,0.0,1414,squad-fpp,1,0,0,799.7,2,0.25
0,2,0,0,1,49.36,1316,duo-fpp,0,0,0,1749.0,3,0.6596
0,1,1,0,2,99.02,1363,squad,0,0,0,1178.0,2,0.3571
0,0,0,0,0,0.0,1344,squad-fpp,0,0,0,1763.0,4,0.5
0,0,0,1,0,0.0,1401,duo-fpp,1,0,0,201.1,3,0.2449
0,0,0,0,0,0.0,1991,squad-fpp,0,0,0,465.6,1,0.4138
0,0,0,0,0,0.0,1802,solo-fpp,0,0,0,239.3,2,0.3158
0,1,0,0,0,0.0,1961,duo,0,0,0,1102.0,4,0.4565
0,0,0,0,0,0.0,1917,solo-fpp,0,0,0,0.0,0,0.2043
0,0,0,0,0,0.0,1802,duo-fpp,0,0,0,218.4,4,0.7447
0,1,0,0,0,0.0,1860,duo,0,0,0,4127.0,3,0.8367
0,1,0,5,0,0.0,1611,squad,5,1,0,1079.0,5,0.6154
0,0,0,0,2,31.17,1370,squad-fpp,0,0,0,320.9,1,0.2593
0,6,1,9,4,81.79,1806,squad-fpp,0,0,0,2231.0,9,0.9231
0,1,0,1,1,54.28,1380,squad,0,0,0,2732.0,5,0.8966
0,4,0,1,1,3.632,1518,solo,0,0,0,1813.0,5,0.701
2,3,0,2,0,0.0,1386,squad-fpp,0,1,0,2879.0,6,0.8571
0,1,0,1,1,4.43,1419,squad-fpp,0,0,0,370.6,2,0.3571
0,0,0,0,0,0.0,1780,squad,0,0,0,3132.0,3,0.5
0,1,0,0,0,0.0,1881,duo,0,0,0,1339.0,8,0.6596
0,0,0,0,3,32.45,1907,squad-fpp,0,0,0,384.2,1,0.1481
0,0,0,0,2,162.1,1350,duo,0,0,0,555.2,5,0.8478
0,1,0,0,0,0.0,1389,duo-fpp,0,0,0,335.2,2,0.3125
0,0,0,0,1,48.99,1851,solo-fpp,0,0,0,285.5,2,0.2688
0,0,1,0,2,30.64,1329,squad-fpp,0,0,0,133.0,2,0.1667
0,0,0,0,0,0.0,1345,squad,0,0,0,7.809,1,0.0345
0,0,0,0,2,8.407,1682,duo-fpp,0,0,0,272.1,3,0.3191
0,1,1,0,2,117.9,1747,squad-fpp,4,0,0,3271.0,5,0.7931
0,0,0,0,0,0.0,1258,solo-fpp,0,0,0,0.0,1,0.0
0,0,0,0,0,0.0,1346,duo-fpp,0,0,0,26.96,2,0.0612
0,2,0,5,0,0.0,1228,normal-squad-fpp,0,0,0,196.3,3,0.125
0,4,1,0,4,101.2,1917,duo,0,0,0,3849.0,6,0.8163
1,2,1,6,4,182.8,1744,squad-fpp,1,0,0,2922.0,4,0.8148
0,0,0,0,1,25.27,1425,duo-fpp,0,0,0,1322.0,8,0.6875
0,0,0,0,0,0.0,1384,squad-fpp,0,0,0,1401.0,5,0.44
1,2,1,4,3,73.89,1389,duo-fpp,0,0,0,2898.0,4,0.875
1,2,1,15,1,163.9,1881,duo-fpp,0,0,0,2376.0,8,0.8222
1,1,0,0,1,39.71,1387,squad,0,0,0,540.4,3,0.48
0,0,0,0,0,0.0,1512,solo-fpp,0,0,0,19.73,1,0.1327
4,2,0,2,1,20.0,1359,squad-fpp,0,0,0,2370.0,4,0.88
0,0,0,0,0,0.0,1973,duo,0,0,0,167.9,0,0.0213
0,0,0,1,0,0.0,1357,squad-fpp,0,0,0,3150.0,6,0.9
0,2,0,0,0,0.0,1342,squad-fpp,0,0,0,190.4,3,0.2593
0,0,1,0,3,19.86,1383,squad-fpp,0,0,0,67.42,1,0.1379
0,2,0,4,0,0.0,1205,squad-fpp,1,0,0,440.3,3,0.5172
0,0,0,0,0,0.0,1375,duo,0,0,0,218.2,1,0.1702
1,1,0,2,1,6.635,1455,squad-fpp,0,0,0,1377.0,3,0.6667
1,2,0,3,0,0.0,1892,duo-fpp,1,0,0,1155.0,2,0.6531
0,0,0,0,0,0.0,1366,duo-fpp,0,0,0,250.9,5,0.2667
0,1,0,0,1,13.15,1324,squad-fpp,0,0,0,2458.0,2,0.5417
0,0,0,0,1,56.03,1336,squad-fpp,2,0,0,1495.0,5,0.4815
0,0,0,0,0,0.0,1863,squad-fpp,0,0,0,582.1,3,0.1852
0,5,0,3,0,0.0,1823,duo-fpp,0,0,0,2148.0,5,0.9783
1,0,0,0,1,5.96,1795,squad,0,0,0,282.6,3,0.12
0,2,0,5,0,0.0,1956,solo,0,0,0,1608.0,4,0.8632
0,0,0,1,0,0.0,1405,duo,0,0,0,467.5,5,0.4091
0,0,0,0,0,0.0,1815,squad-fpp,0,0,0,893.4,4,0.3571
1,0,0,0,0,0.0,1935,duo,0,0,0,209.1,3,0.25
1,6,0,4,2,13.15,1371,squad-fpp,0,0,0,3001.0,7,0.8077
0,0,0,2,3,5.335,1266,squad-fpp,0,0,0,300.6,4,0.6429
1,3,0,14,0,0.0,1768,squad-fpp,0,0,0,1669.0,5,0.8148
0,6,0,2,0,0.0,1374,squad-fpp,0,0,0,2578.0,3,0.8214
1,1,1,0,2,65.31,1799,squad,0,0,0,1197.0,3,0.2593
0,1,0,0,1,13.12,1298,squad-fpp,0,0,0,1148.0,5,0.5333
0,0,0,0,0,0.0,1859,squad-fpp,0,0,0,1815.0,5,0.5
0,0,0,0,0,0.0,1809,duo-fpp,0,0,0,65.88,1,0.0454
0,0,0,0,0,0.0,1321,squad-fpp,0,0,0,6.439,1,0.1071
2,3,1,2,8,110.8,1344,duo-fpp,3,0,0,3113.0,6,0.9556
4,3,4,8,5,186.0,1377,duo,0,0,0,2454.0,3,1.0
0,0,0,0,0,0.0,1401,duo,0,0,0,73.85,1,0.0
0,0,0,0,0,0.0,1876,duo-fpp,0,0,0,2230.0,2,0.5217
0,0,0,0,0,0.0,1488,squad,0,0,0,224.9,3,0.4815
0,0,0,0,0,0.0,1748,duo-fpp,0,0,0,164.6,0,0.3404
0,0,0,1,1,7.544,1891,squad-fpp,2,0,0,2553.0,5,0.5185
1,1,0,1,1,163.5,1845,squad-fpp,0,0,0,1731.0,3,0.9259
1,1,0,1,0,0.0,1910,squad,0,0,0,1797.0,3,0.32
0,0,0,0,0,0.0,1370,squad-fpp,0,0,0,510.2,3,0.25
1,10,0,13,3,126.0,1874,duo-fpp,0,0,0,9819.0,4,1.0
0,2,1,3,2,14.46,1401,squad-fpp,0,0,0,1814.0,5,0.3704
0,1,0,2,4,39.26,1403,solo-fpp,0,0,0,376.4,2,0.5684
1,1,0,1,0,0.0,1833,squad-fpp,1,0,0,3247.0,5,0.6897
0,3,2,1,2,29.16,1970,squad,1,0,0,1916.0,8,0.5
0,0,0,0,0,0.0,1867,duo-fpp,0,0,0,218.6,3,0.2667
0,2,0,1,0,0.0,1786,duo-fpp,0,0,0,2838.0,4,0.6522
0,0,0,1,0,0.0,1761,squad-fpp,0,0,0,501.2,4,0.2963
0,7,0,0,0,0.0,1454,squad,0,0,0,3983.0,4,1.0
0,1,0,9,0,0.0,1298,squad-fpp,0,0,0,2195.0,6,0.6071
0,0,0,0,0,0.0,1333,squad-fpp,0,0,0,77.09,1,0.1429
0,0,0,0,0,0.0,1771,solo,0,0,0,347.9,2,0.1789
0,2,0,0,0,0.0,1748,squad,1,0,0,3757.0,3,1.0
0,0,0,0,0,0.0,1357,squad-fpp,0,0,0,67.92,2,0.0
0,1,0,3,1,18.61,1383,squad-fpp,1,0,0,1438.0,6,0.6667
0,0,0,0,1,1.523,1366,squad-fpp,0,0,0,84.3,1,0.1111
0,1,0,0,0,0.0,1368,solo-fpp,0,0,0,234.0,3,0.5
0,0,0,1,0,0.0,1850,duo-fpp,0,0,0,374.9,4,0.2609
0,3,0,3,3,127.1,1334,squad-fpp,1,0,0,2965.0,9,0.9259
0,0,1,0,1,8.701,1859,solo,0,0,0,659.8,3,0.8229
0,0,0,0,0,0.0,1338,squad-fpp,0,0,0,147.9,2,0.1852
0,0,1,5,3,22.64,1359,duo-fpp,0,0,0,178.9,2,0.3043
0,0,0,0,0,0.0,1874,duo-fpp,0,0,0,3828.0,6,0.7143
0,0,0,0,0,0.0,1475,squad,0,0,0,680.5,3,0.8846
0,0,0,0,0,0.0,1983,duo-fpp,0,0,0,883.0,4,0.8222
0,0,0,0,0,0.0,1362,squad-fpp,0,0,0,425.1,3,0.8148
0,1,0,1,0,0.0,1377,squad-fpp,0,0,0,1126.0,2,0.6296
0,0,0,0,1,10.78,1394,squad-fpp,0,0,0,272.4,2,0.1071
0,5,0,3,3,8.483,1955,duo,0,0,0,1478.0,9,0.9792
2,4,4,2,9,93.65,1402,duo,1,0,0,3184.0,5,1.0
0,1,0,2,0,0.0,1374,squad-fpp,0,0,0,155.1,2,0.2308
0,1,0,2,1,7.339,1766,solo-fpp,0,0,0,629.0,4,0.375
0,0,0,0,0,0.0,1360,squad-fpp,0,0,0,17.77,0,0.1786
0,0,0,0,1,26.14,1464,squad,0,0,0,132.6,3,0.1154
0,2,0,1,0,0.0,1404,squad-fpp,0,0,0,2396.0,5,0.6296
0,1,0,1,1,15.05,1383,duo-fpp,0,0,0,203.7,3,0.4375
0,0,0,0,0,0.0,1395,squad-fpp,0,0,0,32.47,1,0.3929
0,1,0,0,0,0.0,1405,squad-fpp,1,0,0,362.3,3,0.4667
0,0,0,0,1,13.28,1877,squad-fpp,0,0,0,433.5,8,0.7931
0,0,0,0,0,0.0,1523,duo-fpp,0,0,0,194.5,3,0.4468
0,0,0,0,2,5.386,1507,squad,0,0,0,86.89,2,0.1111
0,0,0,0,0,0.0,1434,squad,0,0,0,117.1,2,0.1724
2,2,0,1,0,0.0,1352,squad-fpp,0,0,0,3112.0,3,1.0
0,0,0,0,0,0.0,1874,solo-fpp,0,0,0,155.3,0,0.1579
1,1,0,2,1,53.33,1384,duo-fpp,0,0,0,1279.0,4,0.7174
0,1,1,2,2,95.45,1315,squad-fpp,1,0,0,2984.0,5,0.9231
1,0,0,0,0,0.0,1373,squad,0,0,0,136.2,1,0.4074
0,0,0,0,0,0.0,1378,squad,0,0,0,21.25,2,0.3333
0,1,1,2,1,30.38,1967,solo-fpp,0,0,0,1285.0,7,0.6596
0,0,0,0,0,0.0,1298,squad-fpp,2,0,0,927.1,5,0.4444
0,7,0,10,2,36.84,1971,duo-fpp,0,0,0,1510.0,7,0.8043
0,0,0,0,0,0.0,1776,squad-fpp,0,0,0,44.41,3,0.0769
0,0,0,0,0,0.0,1823,squad-fpp,0,0,0,2155.0,5,0.92
1,0,0,0,0,0.0,1303,squad-fpp,0,0,0,2169.0,5,0.7931
0,2,2,0,4,17.16,1430,solo,0,0,0,636.3,7,0.7065
0,3,0,1,0,0.0,1335,duo-fpp,0,0,0,2042.0,5,0.9348
1,0,2,8,3,81.3,1197,normal-squad-fpp,0,0,0,4494.0,9,0.4
0,0,0,0,1,68.76,1884,duo,0,0,0,3072.0,7,0.7708
0,0,0,0,0,0.0,1773,duo-fpp,0,0,0,7.48,0,0.3125
0,1,0,0,0,0.0,1926,squad,0,0,0,937.7,4,0.5926
0,0,0,1,0,0.0,1832,duo-fpp,0,0,0,1481.0,7,0.5652
0,1,0,5,0,0.0,1909,solo-fpp,0,0,0,3084.0,6,0.828
0,1,0,6,2,32.63,1396,solo-fpp,0,0,0,1081.0,3,0.5957
0,1,0,1,1,31.92,1811,duo,0,0,0,1387.0,3,0.3111
0,0,0,0,0,0.0,1333,squad-fpp,0,0,0,125.0,1,0.1724
0,0,0,0,0,0.0,1912,solo,0,0,0,109.7,1,0.0421
0,2,0,0,2,117.1,1794,squad-fpp,0,0,0,2650.0,9,0.9333
0,7,3,11,7,95.29,1778,squad-fpp,0,0,0,2562.0,6,0.9643
0,0,0,0,0,0.0,1292,squad-fpp,0,0,0,1832.0,3,0.7241
0,2,0,0,0,0.0,1292,duo-fpp,0,0,0,1921.0,2,0.7021
0,0,0,0,1,10.36,1797,squad-fpp,0,0,0,283.3,4,0.36
0,1,0,2,0,0.0,1876,squad-fpp,0,0,0,3109.0,4,0.75
0,0,1,1,3,246.5,1891,duo-fpp,1,0,0,2476.0,6,0.9167
0,7,1,11,3,40.3,1777,duo-fpp,0,0,0,1449.0,6,0.7234
0,0,0,0,0,0.0,1497,duo,0,0,0,1359.0,7,0.5319
1,1,0,0,1,292.3,1306,squad-fpp,0,0,0,2452.0,4,0.8148
0,2,0,2,4,56.18,1301,squad-fpp,1,0,0,2161.0,5,0.7407
0,1,0,1,2,5.964,1176,squad-fpp,0,0,0,565.3,3,0.7143
0,2,0,1,1,5.554,1825,solo-fpp,0,0,0,1875.0,8,0.8438
0,0,0,1,3,34.13,1441,solo-fpp,0,0,0,157.4,5,0.5217
0,0,0,0,0,0.0,1324,squad-fpp,0,0,0,24.29,1,0.0
0,0,0,0,0,0.0,1947,squad,0,0,0,1673.0,11,0.6154
0,2,0,1,0,0.0,1696,squad-fpp,0,0,0,2233.0,8,0.9286
0,2,0,1,1,22.63,1396,squad-fpp,0,0,0,2235.0,4,0.8125
0,3,0,4,0,0.0,1772,squad-fpp,0,0,0,3667.0,7,0.7931
0,0,0,0,0,0.0,1294,squad-fpp,0,0,0,118.2,2,0.1111
0,1,0,0,0,0.0,1764,squad-fpp,0,0,0,178.7,3,0.2069
0,0,0,0,0,0.0,1358,solo-fpp,0,0,0,917.2,6,0.617
0,1,1,1,2,26.99,1376,squad,2,0,0,1690.0,3,0.8889
0,0,0,0,0,0.0,1404,squad-fpp,0,0,0,96.49,1,0.1212
2,1,1,0,1,5.283,1975,duo,1,0,0,1250.0,3,0.4286
0,5,2,5,3,19.56,1389,squad-fpp,0,0,0,3585.0,5,0.963
0,1,0,1,2,27.47,1430,solo-fpp,0,0,0,240.6,2,0.3804
0,2,1,5,1,12.57,2179,solo,0,0,0,674.6,5,0.4086
0,0,0,0,1,1.014,1975,duo-fpp,0,0,0,7.217,1,0.0208
0,0,0,0,0,0.0,1443,duo-fpp,0,0,0,142.8,1,0.1042
2,6,1,8,6,153.7,1439,duo-fpp,3,0,0,2613.0,8,0.9574
1,5,0,3,2,164.1,1268,squad-fpp,2,0,0,3057.0,5,0.9259
0,0,1,0,1,1.123,1844,solo,0,0,0,214.4,2,0.2442
0,6,1,5,2,27.83,1432,squad-fpp,0,0,0,2891.0,5,0.8276
0,0,0,0,0,0.0,1895,duo-fpp,0,0,0,17.89,0,0.0
0,0,1,0,2,21.96,1204,duo-fpp,0,0,0,279.1,1,0.2727
0,2,0,2,0,0.0,1275,squad-fpp,1,0,0,2901.0,6,0.96
1,0,0,2,0,0.0,1343,squad-fpp,0,0,0,2583.0,5,0.9231
1,6,0,0,1,5.525,1372,solo-fpp,0,0,0,2688.0,5,0.7912
0,0,0,0,1,7.331,1387,solo-fpp,0,0,0,138.3,3,0.2784
1,0,0,0,0,0.0,1338,squad-fpp,0,0,0,2494.0,6,0.72
0,1,0,1,0,0.0,1889,squad,0,0,0,828.0,4,0.2
1,0,0,0,0,0.0,1372,squad,0,0,0,271.6,4,0.2308
0,0,1,0,1,6.797,1367,duo-fpp,0,0,0,42.63,3,0.2857
0,0,0,0,0,0.0,1279,squad-fpp,0,0,0,103.1,2,0.0357
1,2,1,10,1,146.1,1938,duo,0,0,0,4483.0,4,0.913
0,0,0,1,1,111.6,1886,duo-fpp,0,0,0,1555.0,3,0.4583
0,4,0,7,3,59.82,1389,duo-fpp,1,0,0,1421.0,3,1.0
0,1,1,1,1,31.17,1899,duo,0,0,0,502.8,2,0.2222
1,4,0,18,0,0.0,1842,duo-fpp,0,0,0,670.2,6,0.8043
0,1,2,5,2,52.9,1295,squad-fpp,0,0,0,1886.0,4,0.7308
0,0,0,0,0,0.0,1371,squad-fpp,0,0,0,40.28,1,0.1724
0,0,0,0,0,0.0,1366,duo-fpp,0,0,0,12.81,0,0.3191
0,0,0,2,1,34.74,1310,squad-fpp,0,0,0,1723.0,4,0.5385
0,0,0,0,0,0.0,1329,squad-fpp,0,0,0,1980.0,3,0.5926
0,0,0,0,0,0.0,1352,duo-fpp,0,0,0,0.28,0,0.1837
0,0,0,0,0,0.0,1358,squad-fpp,0,0,0,285.5,5,0.2174
1,1,0,2,0,0.0,1783,duo-fpp,0,0,0,1362.0,5,0.5532
0,1,0,1,0,0.0,1302,squad-fpp,0,0,0,1350.0,2,0.5652
0,0,0,0,0,0.0,1833,duo-fpp,0,0,0,829.0,4,0.4348
0,0,0,0,0,0.0,1300,squad-fpp,0,0,0,28.27,1,0.0741
0,0,0,0,1,65.74,1938,solo,0,0,0,864.0,3,0.3814
0,1,0,1,0,0.0,1394,squad-fpp,0,0,0,486.6,4,0.3077
0,2,0,1,0,0.0,1383,duo,0,0,0,2141.0,3,0.7083
0,1,0,5,1,19.19,1216,squad-fpp,0,0,0,426.2,4,0.2593
0,4,0,1,1,20.19,1347,duo-fpp,0,0,0,2567.0,4,0.8261
1,0,0,2,1,6.08,1326,duo-fpp,0,0,0,277.2,6,0.375
0,0,0,1,0,0.0,1360,duo-fpp,0,0,0,233.0,2,0.2667
1,0,2,1,2,70.73,1773,squad,0,0,0,1089.0,4,0.375
0,2,0,1,0,0.0,1393,squad-fpp,1,0,0,2258.0,2,0.64
0,1,0,0,0,0.0,1443,solo-fpp,0,0,0,190.9,3,0.4
0,10,1,7,6,46.03,1861,solo,0,0,0,2766.0,9,0.7292
0,1,0,2,1,10.13,1869,squad-fpp,0,0,0,2139.0,6,0.5
0,1,1,0,1,96.15,1363,squad-fpp,0,0,0,723.7,3,0.4615
0,4,0,2,2,297.6,1450,squad,0,0,0,3132.0,5,0.9231
0,0,0,0,0,0.0,1833,duo-fpp,0,0,0,235.8,2,0.2449
0,2,0,5,0,0.0,1772,squad-fpp,0,0,0,1210.0,2,0.8333
1,3,1,8,7,194.9,1860,squad,0,0,0,3429.0,4,0.8214
0,0,0,0,0,0.0,1434,duo,0,0,0,71.75,1,0.2083
1,1,0,1,2,31.91,1361,squad-fpp,1,0,0,2415.0,4,0.6154
0,0,1,0,1,44.32,1394,squad-fpp,0,0,0,729.6,6,0.4231
0,0,0,0,0,0.0,1980,squad,0,0,0,0.0,0,0.0
1,0,0,0,1,56.68,1442,solo,0,0,0,2126.0,3,0.9278
0,2,0,2,1,2.633,1363,squad-fpp,0,0,0,2658.0,5,0.8214
1,4,1,3,1,16.49,1252,squad-fpp,0,0,0,2340.0,4,0.76
0,0,0,0,0,0.0,1496,duo-fpp,0,0,0,88.34,1,0.0612
0,0,0,0,0,0.0,1298,squad-fpp,0,0,0,22.34,1,0.069
0,0,0,0,0,0.0,1400,duo-fpp,0,0,0,56.01,0,0.0435
0,1,0,0,0,0.0,1885,squad-fpp,0,0,0,329.1,7,0.3448
0,0,0,0,0,0.0,1314,squad-fpp,0,0,0,218.6,2,0.1538
0,0,0,0,0,0.0,1371,duo-fpp,0,0,0,691.1,3,0.5
0,2,0,1,1,47.37,1386,duo-fpp,0,0,0,755.9,7,0.6042
0,0,0,0,0,0.0,1805,squad-fpp,0,0,0,53.84,0,0.0
0,1,0,1,0,0.0,1468,squad-fpp,0,0,0,1353.0,4,0.6296
0,0,0,0,0,0.0,1309,squad-fpp,0,0,0,479.5,5,0.3333
1,1,0,4,4,52.67,1816,squad-fpp,0,0,0,257.8,4,0.2857
0,1,0,0,0,0.0,1918,solo-fpp,0,0,0,1719.0,9,0.6111
0,0,0,0,1,16.82,1386,squad-fpp,0,0,0,171.3,1,0.4074
0,0,0,0,0,0.0,1310,squad-fpp,0,0,0,44.39,0,0.0
0,3,1,5,1,230.5,1870,squad-fpp,0,0,0,2351.0,4,0.4074
0,0,0,1,0,0.0,1419,squad,0,0,0,728.1,5,0.4074
0,5,1,1,1,24.53,1368,squad-fpp,0,0,0,3610.0,4,0.7391
0,0,0,0,0,0.0,1908,squad,0,0,0,559.6,3,0.28
2,1,0,3,0,0.0,1401,squad-fpp,0,0,0,1272.0,5,0.6786
0,1,2,4,2,48.0,1759,squad-fpp,1,0,0,413.2,4,0.1429
0,4,0,9,0,0.0,1341,duo-fpp,1,0,0,997.1,4,0.7778
0,4,0,6,1,128.4,1772,duo,0,0,0,3817.0,8,0.8125
0,0,0,0,0,0.0,1510,duo-fpp,0,0,0,60.45,1,0.0417
1,3,1,1,3,49.33,1283,solo-fpp,0,0,0,3004.0,4,0.9787
0,2,0,4,0,0.0,1921,duo-fpp,0,0,0,2470.0,7,0.6444
0,3,0,3,0,0.0,1825,solo-fpp,0,0,0,696.6,3,0.5426
1,2,0,2,0,0.0,1849,squad-fpp,0,0,0,2555.0,7,0.8621
0,0,0,0,0,0.0,916,crashfpp,0,0,0,42.17,1,0.1042
1,1,0,3,0,0.0,1884,duo-fpp,0,0,0,80.62,1,0.1489
1,3,0,2,0,0.0,1348,squad,0,0,0,1735.0,5,0.875
0,1,0,6,0,0.0,1844,duo-fpp,0,0,0,2689.0,5,0.7111
0,0,0,0,0,0.0,1889,duo-fpp,0,0,0,94.15,2,0.2553
0,0,0,1,1,2.94,1736,duo-fpp,0,0,0,206.8,2,0.1702
2,0,0,0,0,0.0,1383,duo,0,0,0,597.8,4,0.4375
0,0,0,4,0,0.0,1898,solo-fpp,0,0,0,150.9,1,0.2872
0,0,0,0,0,0.0,1782,squad,0,0,0,393.1,2,0.7407
0,3,0,1,1,42.98,1317,squad-fpp,1,0,0,3505.0,5,0.8519
0,0,0,0,0,0.0,1823,duo,0,0,0,108.0,2,0.1702
2,0,0,0,1,2.831,1290,squad-fpp,0,0,0,2646.0,4,1.0
0,0,5,4,9,73.69,897,normal-duo-fpp,0,0,0,284.4,27,0.2667
0,0,0,0,0,0.0,1969,solo-fpp,0,0,0,63.71,2,0.2211
1,3,0,11,0,0.0,1913,duo-fpp,0,0,0,2980.0,7,0.8696
1,0,0,0,0,0.0,1448,duo-fpp,0,0,0,110.0,1,0.1667
1,2,0,0,6,81.23,1388,duo-fpp,0,0,0,1288.0,3,0.6889
0,0,0,0,0,0.0,1799,squad-fpp,0,0,0,202.4,3,0.0385
0,0,0,0,0,0.0,1377,squad-fpp,0,0,0,0.0,0,0.0
1,6,1,4,2,18.21,1875,squad-fpp,0,0,0,3600.0,5,0.96
0,1,0,0,0,0.0,1926,duo-fpp,1,0,0,256.6,2,0.25
0,0,0,0,0,0.0,1374,squad,0,0,0,180.8,2,0.0385
0,0,1,0,2,51.96,1696,squad-fpp,0,0,0,724.9,3,0.8
0,4,0,3,1,10.2,1802,solo-fpp,0,0,0,844.1,5,0.6375
0,1,0,0,0,0.0,1915,solo-fpp,0,0,0,3089.0,3,0.5714
1,0,0,0,0,0.0,1778,duo-fpp,0,0,0,916.5,9,0.439
0,1,1,1,1,12.09,1876,squad-fpp,0,0,0,1504.0,8,0.75
0,0,0,0,0,0.0,1913,duo-fpp,0,0,0,780.1,5,0.4255
0,0,1,0,1,20.55,1286,squad-fpp,0,0,0,81.62,1,0.0
2,1,0,1,1,8.056,1879,squad,1,0,0,2248.0,3,0.7037
0,4,0,3,0,0.0,1808,squad,0,0,0,3653.0,3,0.88
0,1,0,3,0,0.0,1794,squad-fpp,0,0,0,3355.0,7,0.5714
0,2,0,15,1,4.796,1843,duo-fpp,1,0,0,1637.0,4,0.5208
0,0,0,0,0,0.0,1804,squad-fpp,0,0,0,47.93,1,0.037
0,0,0,0,1,33.32,1344,squad-fpp,0,0,0,352.9,2,0.1724
1,3,0,7,0,0.0,1790,squad-fpp,0,0,0,3889.0,6,0.7778
1,2,1,0,1,38.92,1880,duo-fpp,0,0,0,377.9,2,0.383
0,1,0,4,0,0.0,1823,duo,0,0,0,1711.0,4,0.5745
0,0,1,2,2,6.039,2015,duo-fpp,0,0,0,722.5,5,0.8542
0,1,0,2,0,0.0,1919,duo-fpp,0,0,0,1803.0,5,0.6889
0,1,0,1,2,6.284,1211,squad-fpp,0,0,0,221.6,2,0.3333
0,0,0,0,1,12.57,1961,squad-fpp,0,0,0,715.2,3,0.3103
0,1,0,1,0,0.0,1429,squad,1,0,0,447.6,4,0.48
2,0,1,10,3,42.58,1891,squad-fpp,0,0,0,2027.0,2,0.5714
0,1,0,1,0,0.0,1408,squad,0,0,0,1439.0,4,0.5357
1,5,0,3,1,29.37,1390,squad,1,0,0,3562.0,3,1.0
0,2,0,0,2,39.69,1380,duo-fpp,0,0,0,992.2,5,0.6
0,0,1,0,2,33.99,1764,squad-fpp,0,0,0,218.2,2,0.0714
0,2,1,6,2,114.2,1322,squad-fpp,0,0,0,3385.0,5,0.9643
0,0,0,0,0,0.0,1891,squad,0,0,0,937.8,2,0.7037
2,8,2,10,7,303.9,1874,squad,0,0,1,4561.0,2,0.9259
0,2,0,0,0,0.0,1421,duo-fpp,0,0,0,167.7,2,0.1489
0,2,0,2,2,107.9,1769,duo-fpp,1,0,0,707.2,4,0.3333
0,0,0,0,0,0.0,1804,squad,0,0,0,261.8,4,0.12
0,0,0,0,0,0.0,1771,duo-fpp,0,0,0,91.98,1,0.0
0,2,0,4,0,0.0,1889,squad-fpp,1,0,0,2588.0,5,0.84
0,0,0,1,0,0.0,1412,squad-fpp,0,0,0,949.0,6,0.4667
0,0,0,0,1,0.3338,1916,duo-fpp,0,0,0,40.29,1,0.0
1,2,1,2,3,45.27,1292,squad-fpp,1,0,0,3390.0,5,0.8571
0,1,0,4,1,66.28,1792,solo,0,0,0,1797.0,4,0.8936
0,0,0,0,0,0.0,2015,duo-fpp,0,0,0,117.7,2,0.3542
1,3,0,1,1,37.94,1395,squad-fpp,1,0,0,1166.0,2,0.6296
2,6,1,2,3,75.74,1459,duo,0,0,0,2711.0,6,0.9362
0,0,0,0,0,0.0,1371,duo,0,0,0,1120.0,2,0.5833
0,10,2,2,3,29.16,1808,squad,0,0,1,3314.0,7,0.8214
0,0,0,0,0,0.0,1797,squad-fpp,0,0,0,851.1,4,0.48
0,0,0,0,1,1.492,1452,duo-fpp,0,0,0,45.44,2,0.1875
0,0,0,0,0,0.0,1401,squad-fpp,0,0,0,2133.0,6,0.7586
0,0,0,0,1,13.52,1364,squad-fpp,1,0,0,178.2,2,0.3077
0,1,0,6,0,0.0,1952,squad,1,0,1,3035.0,4,1.0
0,0,0,7,0,0.0,1821,squad,0,0,0,1359.0,6,0.3704
0,2,0,1,1,50.25,1340,squad-fpp,0,0,0,1929.0,4,0.6429
0,0,0,0,0,0.0,1290,duo-fpp,0,0,0,10.2,0,0.375
0,0,0,0,0,0.0,1836,duo-fpp,0,0,0,446.4,7,0.4348
0,0,0,0,1,6.972,1387,solo-fpp,0,0,0,69.29,1,0.0568
0,1,0,0,0,0.0,1828,squad-fpp,0,0,0,739.0,5,0.5417
0,0,0,1,0,0.0,1330,squad-fpp,0,0,0,48.18,1,0.0385
0,0,0,0,1,1.364,1393,solo,0,0,0,32.16,1,0.1064
1,0,0,0,0,0.0,1282,duo-fpp,0,0,0,2258.0,5,0.8958
0,0,0,1,1,8.374,1889,solo-fpp,0,0,0,212.7,3,0.2708
0,0,0,0,0,0.0,1912,duo,0,0,0,458.4,11,0.2955
0,2,0,1,0,0.0,1330,squad,0,0,0,905.5,5,0.5185
0,0,0,0,0,0.0,2074,duo,0,0,0,20.55,1,0.0
0,2,0,3,0,0.0,1822,duo,0,0,0,3284.0,4,0.8696
0,1,0,3,0,0.0,1894,duo-fpp,0,0,0,176.7,4,0.1556
0,1,0,1,1,48.27,1388,squad-fpp,0,0,0,2355.0,8,0.8333
0,1,0,0,0,0.0,1780,squad-fpp,0,0,0,9.312,0,0.0385
1,5,0,1,5,69.75,1876,duo-fpp,1,0,0,1307.0,9,0.7826
2,0,0,8,3,88.26,1384,squad-fpp,0,0,0,1185.0,14,0.6429
0,2,0,2,2,25.89,1378,squad-fpp,0,0,0,3315.0,6,1.0
1,2,1,1,1,24.96,1811,squad-fpp,0,0,0,4392.0,6,0.9615
0,0,0,0,0,0.0,1890,duo-fpp,0,0,0,66.63,3,0.1429
0,1,0,0,1,15.33,1873,squad-fpp,0,0,0,1455.0,9,0.3704
0,0,1,0,1,15.46,1293,squad-fpp,0,0,0,159.2,2,0.16
1,0,0,0,1,8.833,1896,solo,0,0,0,2005.0,2,0.9592
0,0,0,0,0,0.0,1356,squad,0,0,0,0.0,0,0.0
0,0,0,0,0,0.0,1490,solo-fpp,0,0,0,0.0,0,0.0
1,1,0,6,2,3.928,1502,duo-fpp,0,0,0,1532.0,3,0.5957
0,0,0,0,0,0.0,1406,solo-fpp,0,0,0,23.9,1,0.2292
0,0,0,0,0,0.0,1437,solo,0,0,0,31.09,1,0.0938
0,0,0,0,0,0.0,1407,duo,0,0,0,36.29,1,0.0208
0,8,0,20,0,0.0,1886,squad-fpp,0,0,0,2930.0,5,0.931
0,0,0,0,1,6.132,1412,duo-fpp,0,0,0,75.61,2,0.3265
0,0,0,0,2,12.56,1759,duo-fpp,0,0,0,111.1,1,0.2667
0,0,0,0,0,0.0,1795,squad-fpp,0,0,0,2472.0,4,0.72
0,0,0,0,0,0.0,1404,squad-fpp,0,0,0,678.4,2,0.3571
0,0,0,1,0,0.0,1989,squad-fpp,0,0,0,871.4,2,0.3077
0,0,0,3,2,9.357,1352,squad-fpp,0,0,0,86.36,1,0.1786
0,0,0,0,0,0.0,1931,solo-fpp,0,0,0,877.5,5,0.5258
0,1,0,3,1,20.82,1780,squad-fpp,0,0,0,1145.0,8,0.5185
0,1,0,3,0,0.0,1797,squad-fpp,0,0,0,2281.0,4,0.5357
0,0,0,0,0,0.0,1381,squad-fpp,0,0,0,109.2,3,0.0
1,0,0,0,1,5.186,1390,squad-fpp,0,0,0,137.5,2,0.08
0,0,0,0,2,36.78,2188,squad-fpp,0,0,0,811.3,6,0.4074
0,0,0,0,0,0.0,1876,squad-fpp,0,0,0,545.0,2,0.3333
0,0,1,0,2,18.89,1336,duo,0,0,0,73.02,1,0.0227
1,0,0,0,0,0.0,1374,duo-fpp,0,0,0,138.0,2,0.1633
1,1,0,4,0,0.0,1400,solo-fpp,0,0,0,1876.0,2,0.7835
0,0,0,0,1,32.39,1366,squad,1,0,0,1285.0,4,0.5
0,6,0,8,1,1.111,1901,duo,0,0,0,997.4,7,0.9362
0,1,1,0,1,5.498,1435,duo-fpp,0,0,0,107.6,1,0.25
0,0,0,1,2,6.337,1317,squad-fpp,0,0,0,1797.0,4,0.7241
0,0,0,0,0,0.0,1413,duo-fpp,0,0,0,307.6,4,0.25
1,1,0,3,1,11.89,1391,squad,0,0,0,1478.0,4,0.9615
1,5,0,3,5,82.15,1792,squad-fpp,1,0,1,3834.0,7,0.84
0,0,0,0,0,0.0,1909,duo-fpp,0,0,0,151.5,2,0.3043
0,0,0,0,0,0.0,1853,duo-fpp,0,0,0,598.8,3,0.2093
0,2,1,13,2,96.89,1708,squad-fpp,0,0,0,2870.0,4,0.8214
2,0,0,0,0,0.0,1804,squad-fpp,0,0,0,163.2,1,0.2222
0,6,0,1,3,60.8,1349,solo-fpp,0,0,0,2328.0,5,0.8817
0,0,1,0,1,24.99,1256,squad,0,0,0,768.8,2,0.3077
1,1,0,2,0,0.0,1756,squad-fpp,0,0,0,3273.0,4,0.9259
0,0,0,0,0,0.0,1398,solo-fpp,0,0,0,0.0,0,0.0
2,3,0,3,1,11.18,1817,squad,0,0,0,3545.0,4,1.0
0,3,1,5,2,2.925,1885,solo-fpp,0,0,0,3234.0,6,0.8571
0,0,0,0,0,0.0,1844,duo-fpp,1,0,0,869.4,4,0.6522
0,1,0,1,0,0.0,1331,squad-fpp,1,0,0,1152.0,4,0.7586
0,0,0,0,0,0.0,1920,duo,0,0,0,2404.0,4,0.6667
1,5,0,8,3,80.73,1342,squad-fpp,0,0,0,3627.0,4,0.88
1,0,0,0,1,18.03,1872,squad-fpp,0,0,0,491.5,2,0.1538
0,6,0,3,1,14.79,1414,squad-fpp,0,0,0,2885.0,5,0.7857
1,0,0,0,0,0.0,1896,squad-fpp,0,0,0,1459.0,8,0.6667
0,5,2,0,4,55.84,954,normal-solo-fpp,0,0,0,1494.0,4,1.0
0,1,1,1,1,54.88,1321,squad-fpp,1,0,0,561.9,2,0.6154
0,4,0,2,0,0.0,1811,solo-fpp,0,0,0,2814.0,4,0.8526
0,1,0,5,0,0.0,1851,squad-fpp,0,0,0,987.9,2,0.4615
0,0,0,0,0,0.0,1439,duo-fpp,0,0,0,425.6,3,0.5319
0,0,0,0,0,0.0,1905,squad-fpp,0,0,0,2594.0,7,0.8148
0,0,0,0,0,0.0,1338,squad-fpp,0,0,0,1011.0,2,0.4286
0,2,0,1,0,0.0,1382,squad-fpp,0,0,0,2416.0,7,0.7143
0,0,0,0,1,7.406,1413,squad-fpp,0,0,0,79.24,2,0.1935
0,0,0,0,1,17.14,1407,duo-fpp,1,0,0,612.6,1,0.413
0,1,0,1,1,20.97,1344,solo-fpp,0,0,0,168.5,2,0.3163
0,0,0,0,0,0.0,1902,duo-fpp,0,0,0,144.7,2,0.0909
0,0,0,0,0,0.0,1841,squad-fpp,0,0,0,838.1,6,0.2857
0,0,0,0,0,0.0,1301,squad,0,0,0,174.0,1,0.0385
0,0,1,0,1,23.14,1970,solo-fpp,0,0,0,820.0,6,0.4184
0,0,1,0,2,60.07,1912,duo,1,0,0,754.0,2,0.3404
0,0,0,0,0,0.0,1388,solo-fpp,0,0,0,8.078,2,0.0625
3,4,2,1,5,162.9,1364,duo-fpp,1,0,0,2984.0,5,1.0
0,3,1,1,3,122.5,1368,solo-fpp,0,0,0,1977.0,7,0.9681
0,2,0,1,0,0.0,1889,squad-fpp,0,0,0,4153.0,3,0.7037
0,0,0,0,0,0.0,1893,solo-fpp,0,0,0,77.0,1,0.1183
0,0,0,1,2,4.768,1369,squad-fpp,0,0,0,468.5,8,0.5
0,1,0,0,3,242.1,1369,duo-fpp,0,0,0,2037.0,4,0.7917
0,1,1,2,2,31.06,1443,duo-fpp,1,0,0,964.2,7,0.7292
0,0,0,1,0,0.0,1338,squad-fpp,0,0,0,381.0,2,0.2857
0,0,0,0,0,0.0,1327,squad-fpp,0,0,0,30.01,1,0.0
1,2,1,3,2,45.88,1793,duo-fpp,0,0,0,2774.0,6,0.8864
0,1,0,0,1,52.67,1257,squad-fpp,0,0,0,1783.0,7,0.5556
0,3,1,2,1,11.94,1320,squad-fpp,0,0,0,2363.0,2,0.8571
0,0,0,0,3,60.55,1370,duo-fpp,0,0,0,1476.0,8,0.617
0,1,0,0,0,0.0,1796,duo,0,0,0,5586.0,2,0.7143
0,5,0,14,4,29.94,1405,duo-fpp,3,0,0,926.8,6,0.766
1,2,1,0,1,16.85,1214,solo-fpp,0,0,0,39.51,3,0.2473
1,0,0,2,0,0.0,1908,squad-fpp,1,0,0,1632.0,3,0.4074
1,0,0,0,1,12.92,1705,squad-fpp,0,0,0,260.6,6,0.2143
0,0,0,0,1,2.487,1964,duo-fpp,0,0,0,20.43,0,0.1064
0,3,0,3,2,36.25,1330,squad-fpp,1,0,0,2415.0,6,0.8214
0,1,1,0,1,17.77,1962,squad-fpp,0,0,0,1784.0,3,0.5769
0,1,0,5,1,75.56,1791,squad-fpp,1,0,0,4442.0,3,0.7308
0,0,0,0,0,0.0,1884,duo-fpp,0,0,0,1307.0,3,0.3696
0,0,0,0,0,0.0,1382,duo-fpp,0,0,0,718.3,3,0.4783
1,2,0,1,1,20.25,1289,squad-fpp,0,0,0,2711.0,5,0.9286
0,0,0,2,0,0.0,1378,duo-fpp,0,0,0,854.1,2,0.6
0,0,0,1,0,0.0,1357,duo-fpp,0,0,0,2235.0,6,0.9574
0,1,0,0,0,0.0,1379,squad-fpp,1,0,0,1161.0,5,0.6923
0,0,1,0,1,19.8,1886,solo-fpp,0,0,0,581.5,3,0.4536
0,0,0,0,0,0.0,1971,flarefpp,0,0,0,339.4,1,0.1111
0,1,0,0,3,219.6,1941,solo-fpp,0,0,0,2696.0,7,0.9326
2,6,0,3,1,79.37,1374,squad-fpp,1,0,0,3256.0,6,0.931
1,1,0,1,0,0.0,1870,duo,0,0,0,1880.0,2,0.587
0,0,0,0,1,5.137,1361,duo-fpp,0,0,0,188.6,3,0.2083
0,0,0,0,0,0.0,1922,solo-fpp,0,0,0,14.06,0,0.1311
2,1,1,2,3,341.6,1778,squad-fpp,0,0,0,4744.0,8,1.0
0,0,0,0,0,0.0,1911,squad,0,0,0,3573.0,5,0.3333
0,0,0,0,0,0.0,1343,duo-fpp,0,0,0,108.3,2,0.2391
0,0,1,0,3,28.3,1380,duo-fpp,0,0,0,68.01,2,0.0652
0,2,0,0,1,21.03,1388,squad-fpp,0,0,0,1835.0,7,0.6154
0,1,1,2,3,48.94,1407,solo-fpp,0,0,0,1335.0,5,0.7527
0,0,0,0,0,0.0,1514,duo-fpp,0,0,0,180.3,2,0.2979
0,2,2,2,2,39.75,1372,solo-fpp,0,0,0,1027.0,5,0.6556
0,0,0,0,0,0.0,1882,squad,0,0,0,490.7,2,0.1538
0,1,1,0,1,45.51,1323,squad,0,0,0,1200.0,6,0.5185
0,0,0,2,0,0.0,1771,duo,0,0,0,1277.0,6,0.4792
0,0,0,0,0,0.0,1403,solo-fpp,0,0,0,88.41,4,0.234
0,0,0,0,0,0.0,1405,duo-fpp,0,0,0,1646.0,6,0.8605
0,4,0,5,4,28.95,1391,duo-fpp,0,0,0,1989.0,5,0.7551
0,0,0,1,0,0.0,1325,squad-fpp,0,0,0,280.3,2,0.2759
0,0,0,0,1,6.399,1805,duo-fpp,0,0,0,109.3,2,0.2444
0,0,0,0,1,14.77,1381,squad-fpp,0,0,0,425.0,4,0.2857
0,2,0,0,0,0.0,1891,solo,0,0,0,2351.0,7,0.7474
0,0,0,0,0,0.0,1295,squad,0,0,0,282.8,2,0.2692
1,2,0,4,3,17.99,1358,squad-fpp,0,0,0,1144.0,3,0.5556
0,1,0,4,3,25.74,1965,solo-fpp,0,0,0,354.3,4,0.4
0,4,1,1,1,15.57,1402,solo-fpp,0,0,0,2923.0,3,0.8878
0,7,0,5,3,275.0,1833,solo,0,0,0,4701.0,6,0.9684
0,0,1,0,1,10.31,1321,squad-fpp,0,0,0,145.3,2,0.12
0,0,0,0,0,0.0,1317,duo-fpp,1,0,0,1569.0,3,0.5455
0,0,0,0,0,0.0,1176,squad-fpp,0,0,0,355.6,3,0.1935
0,0,0,0,0,0.0,1897,solo-fpp,0,0,0,8.957,2,0.0435
0,0,0,0,1,11.7,1289,squad-fpp,0,0,0,1136.0,2,0.3846
0,0,0,0,1,59.32,1419,squad,0,0,0,73.53,1,0.0741
0,0,0,0,0,0.0,1364,duo-fpp,0,0,0,16.34,1,0.0417
0,0,0,4,0,0.0,1922,solo-fpp,0,0,0,815.7,2,0.5368
0,0,1,0,1,22.63,1886,duo-fpp,0,0,0,72.94,1,0.0435
0,0,0,0,0,0.0,1450,solo-fpp,0,0,0,265.9,3,0.4062
0,0,0,0,0,0.0,1394,squad-fpp,1,0,0,93.99,1,0.0417
0,4,0,1,0,0.0,1783,squad-fpp,0,0,0,3175.0,6,0.7692
0,0,0,0,0,0.0,1795,solo-fpp,0,0,0,4.124,1,0.0319
0,0,0,0,0,0.0,1313,duo-fpp,0,0,0,295.8,3,0.3673
2,1,0,2,3,23.37,1346,squad,1,0,0,1910.0,4,0.88
1,0,1,2,1,37.05,1357,squad-fpp,1,0,0,484.7,5,0.4074
0,8,0,3,2,32.07,1842,duo-fpp,0,0,0,3888.0,10,0.9167
0,1,0,5,0,0.0,1287,squad-fpp,0,0,0,411.5,4,0.4615
0,0,0,0,0,0.0,1864,squad-fpp,0,0,0,262.1,1,0.2143
0,0,0,1,0,0.0,1815,squad-fpp,0,0,0,780.8,4,0.4
0,1,0,3,0,0.0,1374,squad-fpp,2,0,0,2708.0,4,0.7308
0,0,0,0,0,0.0,1386,duo-fpp,0,0,0,18.45,1,0.0425
0,2,0,4,0,0.0,1292,squad-fpp,0,0,0,514.1,3,0.6
0,0,0,0,0,0.0,1744,squad-fpp,0,0,0,1585.0,5,0.3333
0,0,0,0,0,0.0,1370,squad-fpp,0,0,0,366.7,6,0.1481
0,0,0,0,0,0.0,1976,solo,0,1,0,781.4,9,0.3368
0,1,1,1,2,3.438,1806,duo-fpp,0,0,0,78.82,2,0.2
0,0,0,0,0,0.0,1301,squad-fpp,0,0,0,56.63,1,0.1765
0,1,1,1,2,61.01,1889,solo-fpp,0,0,0,489.0,2,0.4239
4,4,1,1,2,104.1,1879,squad-fpp,1,0,0,3151.0,4,1.0
1,0,0,0,0,0.0,1442,squad-fpp,0,0,0,1052.0,3,0.5
0,0,0,0,0,0.0,1423,duo,0,0,0,1711.0,5,0.8085
0,0,0,1,0,0.0,1359,squad-fpp,0,0,0,535.4,5,0.6538
3,0,0,1,0,0.0,1336,duo-fpp,0,0,0,477.5,5,0.5417
0,1,0,1,2,4.143,1361,squad-fpp,1,0,0,92.5,3,0.2414
1,4,0,1,0,0.0,1334,squad-fpp,0,0,0,2590.0,5,0.8889
0,0,0,0,0,0.0,1393,squad-fpp,0,0,0,758.9,6,0.6154
1,5,0,0,1,10.12,1406,duo-fpp,0,0,0,3651.0,5,0.9388
0,3,0,1,1,9.43,1320,squad-fpp,0,0,0,1630.0,4,0.48
2,2,1,4,4,63.47,1473,squad,2,0,0,1444.0,4,0.7308
0,0,0,0,0,0.0,1879,squad,0,0,0,1976.0,4,0.3846
0,0,0,0,0,0.0,1237,squad,0,0,0,0.0,0,0.0
0,0,0,0,0,0.0,1805,squad-fpp,0,0,0,180.5,2,0.1481
0,0,0,0,2,32.51,1295,squad-fpp,0,0,0,193.8,1,0.1852
0,0,0,0,0,0.0,1393,squad-fpp,0,0,0,500.0,3,0.3077
1,1,0,1,0,0.0,1419,squad,1,0,0,2844.0,5,0.7407
0,2,0,1,0,0.0,1804,squad-fpp,3,0,0,2654.0,6,0.88
0,0,0,0,0,0.0,1399,duo-fpp,0,0,0,0.0,1,0.0208
0,0,0,0,0,0.0,1935,solo-fpp,0,0,0,102.4,1,0.1889
0,0,0,0,0,0.0,1813,squad,0,0,0,1442.0,4,0.2222
0,0,0,0,0,0.0,1817,squad,0,0,0,22.48,0,0.7857
0,0,0,1,0,0.0,1826,squad-fpp,0,0,0,342.1,1,0.1852
0,0,0,0,0,0.0,1290,solo-fpp,0,0,0,377.4,5,0.5
0,0,0,0,0,0.0,1874,squad-fpp,0,0,0,260.7,3,0.2414
0,1,0,11,0,0.0,1723,squad-fpp,0,0,0,3179.0,6,0.6667
0,1,0,1,0,0.0,1339,squad-fpp,0,0,0,136.8,2,0.4828
0,0,0,0,0,0.0,1358,solo-fpp,0,0,0,2302.0,9,0.8646
0,0,0,0,0,0.0,1410,squad-fpp,0,0,0,9.862,1,0.0741
0,0,0,0,1,2.779,1934,duo,1,0,0,106.7,3,0.087
0,0,0,0,0,0.0,1402,solo-fpp,0,0,0,34.15,2,0.1546
0,0,0,0,0,0.0,1773,squad,0,0,0,1120.0,5,0.7037
0,0,0,0,0,0.0,1862,duo-fpp,0,0,0,816.0,3,0.4565
0,0,0,0,0,0.0,1897,squad-fpp,0,0,0,29.81,3,0.0714
0,3,0,0,0,0.0,1461,squad-fpp,0,0,0,1069.0,4,0.5
0,1,0,5,0,0.0,1872,squad,0,0,0,300.8,5,0.1667
0,1,1,1,2,23.23,1788,squad-fpp,0,0,0,774.8,4,0.44
0,3,0,2,0,0.0,1794,solo-fpp,0,0,0,1475.0,11,0.587
0,0,0,0,0,0.0,1360,squad,0,0,0,142.0,0,0.0345
0,1,0,0,1,23.71,1871,solo-fpp,0,0,0,407.4,4,0.3474
0,0,0,0,0,0.0,1946,solo-fpp,0,0,0,185.4,2,0.2043
1,0,0,0,1,10.36,1372,duo-fpp,0,0,0,75.73,1,0.2222
0,0,0,0,1,198.4,1408,squad-fpp,0,0,0,3181.0,4,0.8966
0,0,0,0,0,0.0,1946,squad-fpp,0,0,0,2616.0,8,0.7308
0,0,0,0,0,0.0,1368,solo-fpp,0,0,0,249.4,3,0.4632
0,0,0,2,0,0.0,1300,squad-fpp,0,0,0,173.8,2,0.2857
0,2,0,8,1,112.6,1899,duo-fpp,0,0,0,3952.0,6,0.8723
0,0,0,0,0,0.0,1343,squad-fpp,0,0,0,194.6,4,0.0741
0,0,0,0,1,7.982,1777,squad-fpp,0,0,0,84.03,2,0.0333
0,5,2,0,2,10.65,1402,solo-fpp,0,0,0,694.0,3,0.6522
0,0,0,0,0,0.0,1372,duo-fpp,0,0,0,1453.0,4,0.8776
0,2,0,4,2,83.28,1780,duo-fpp,0,0,0,927.5,5,0.4222
0,1,0,0,0,0.0,1347,duo-fpp,0,0,0,217.1,2,0.3404
0,0,0,0,0,0.0,1273,squad-fpp,0,0,0,77.8,2,0.2069
0,0,0,0,0,0.0,1787,squad-fpp,0,0,0,11.8,0,0.0
2,2,0,7,2,40.44,1375,squad-fpp,0,1,0,2519.0,3,0.8333
0,0,0,1,0,0.0,1284,duo-fpp,0,0,0,84.46,2,0.2174
0,0,0,0,0,0.0,1303,squad-fpp,0,0,0,55.62,2,1.0
0,3,0,0,1,5.182,1944,squad-fpp,0,0,0,2073.0,2,0.5926
0,0,0,0,0,0.0,1442,squad,0,0,0,4.987,1,0.3077
1,6,0,2,2,6.381,1864,squad,1,2,0,2013.0,7,0.5833
0,0,0,0,0,0.0,1257,squad,0,0,0,15.23,1,0.2857
0,0,0,0,0,0.0,1352,duo-fpp,0,0,0,78.11,1,0.0612
0,7,1,11,3,28.67,1278,squad-fpp,1,0,0,2746.0,7,0.8846
0,3,0,6,0,0.0,1961,duo-fpp,0,0,0,3323.0,8,0.8542
2,4,0,1,1,21.46,1468,squad,0,0,0,2760.0,2,0.84
0,0,1,0,1,8.983,1408,squad,0,0,0,149.1,3,0.5385
0,0,0,0,0,0.0,1411,solo-fpp,0,0,0,254.9,3,0.3646
0,1,0,0,0,0.0,1805,squad-fpp,0,0,0,2120.0,5,0.8519
1,2,1,3,4,119.0,1416,squad-fpp,0,0,0,1517.0,4,0.6897
2,3,0,5,7,29.35,1882,squad-fpp,4,0,0,1507.0,7,0.8519
0,0,0,0,1,42.21,1890,squad,0,0,0,780.4,5,0.3214
0,0,0,0,0,0.0,1409,duo,0,0,0,58.04,2,0.0208
0,0,0,0,0,0.0,1428,squad-fpp,0,0,0,37.7,0,0.1852
0,0,0,0,0,0.0,1354,duo-fpp,0,0,0,477.9,4,0.2917
0,1,0,1,0,0.0,1373,squad-fpp,0,0,0,1557.0,3,0.4074
0,2,0,1,3,5.752,1296,squad-fpp,0,0,0,570.6,3,0.4231
0,4,0,1,0,0.0,1848,squad,0,0,0,1920.0,7,0.8077
0,2,0,0,0,0.0,1396,squad-fpp,0,0,0,1427.0,4,0.4
0,0,0,0,0,0.0,1393,duo,0,0,0,1930.0,4,0.7755
0,0,0,0,0,0.0,1867,solo-fpp,0,0,0,32.82,1,0.0638
1,1,1,0,1,92.57,1827,squad-fpp,0,0,0,1947.0,5,0.6786
1,4,0,0,0,0.0,2190,squad,1,1,0,2737.0,7,0.6071
0,0,0,0,2,5.415,1321,squad-fpp,0,0,0,367.5,4,0.5484
0,0,0,0,0,0.0,1368,squad,0,0,0,120.1,2,0.1786
0,2,0,4,3,242.4,1810,duo,0,0,0,3609.0,6,0.8723
0,0,0,0,0,0.0,1430,squad,0,0,0,318.3,2,0.1852
0,0,0,0,0,0.0,1281,duo,0,0,0,194.4,4,0.1458
0,0,1,1,1,5.227,1453,duo-fpp,0,0,0,84.2,1,0.1087
0,1,0,1,1,12.87,1423,squad-fpp,0,0,0,86.86,5,0.2857
0,0,0,0,0,0.0,1872,squad,0,0,0,3133.0,8,0.3913
0,0,0,1,1,23.92,1767,squad-fpp,0,0,0,598.4,3,0.3704
0,2,0,6,2,33.87,1317,duo-fpp,0,0,0,370.3,2,0.5417
0,0,0,0,0,0.0,1436,duo,0,0,0,1263.0,5,0.6458
0,0,0,0,0,0.0,1439,duo-fpp,0,0,0,326.3,2,0.2128
1,1,0,2,0,0.0,1874,squad-fpp,0,0,0,4208.0,6,0.8846
0,2,0,2,4,44.95,2040,squad-fpp,1,0,0,1514.0,3,0.4444
0,0,0,0,1,28.75,1429,solo-fpp,0,0,0,1086.0,5,0.6289
0,0,0,0,0,0.0,1793,squad,0,0,0,322.4,1,0.1852
0,0,0,0,1,6.307,1320,squad-fpp,0,0,0,93.35,3,0.0714
0,0,0,0,0,0.0,1361,duo-fpp,0,0,0,355.3,4,0.6667
0,0,1,0,1,10.69,1409,squad,0,0,0,126.8,2,0.1034
0,0,0,0,0,0.0,1775,duo-fpp,0,0,0,228.2,2,0.1522
0,0,1,0,1,10.74,1378,squad-fpp,0,0,0,120.9,2,0.0741
0,0,0,0,0,0.0,1401,squad-fpp,0,0,0,982.2,7,0.7586
3,5,0,4,5,74.64,1337,squad,1,0,0,2538.0,6,0.75
0,0,0,0,0,0.0,1800,squad-fpp,0,0,0,144.0,2,0.1538
0,1,1,1,2,23.82,1299,squad-fpp,0,0,0,2470.0,5,0.6296
0,0,1,1,3,36.04,1823,solo-fpp,0,0,0,3254.0,3,0.6809
0,0,0,0,0,0.0,1288,duo-fpp,0,0,0,258.2,3,0.5106
0,3,1,5,2,31.08,1324,squad-fpp,1,0,0,2643.0,5,0.6538
1,0,0,0,0,0.0,1237,squad-fpp,0,0,0,0.0,1,0.0
1,6,0,5,0,0.0,1414,squad-fpp,0,0,0,2717.0,5,0.92
0,0,0,1,1,51.84,1359,squad-fpp,0,0,0,65.17,2,0.1481
0,1,1,1,1,7.106,1391,squad-fpp,0,0,0,556.2,4,0.9655
0,0,0,1,0,0.0,1349,duo-fpp,0,0,0,1053.0,5,0.6809
1,2,1,7,2,91.36,1899,duo-fpp,1,0,0,2643.0,8,1.0
0,1,0,4,1,16.59,1361,duo-fpp,0,0,0,511.0,9,0.5208
0,0,0,0,1,5.973,1318,duo-fpp,0,0,0,189.2,3,0.1277
0,1,0,8,0,0.0,1925,duo-fpp,0,0,0,1580.0,2,0.5625
0,0,1,0,1,5.465,1478,squad-fpp,0,0,0,141.2,2,0.0769
0,0,0,0,0,0.0,1418,solo-fpp,0,0,0,38.79,2,0.1633
0,1,0,1,0,0.0,1328,duo,0,0,0,1791.0,5,0.5476
0,0,1,0,1,2.283,1318,duo-fpp,0,0,0,125.3,2,0.2222
0,0,0,1,0,0.0,1340,squad-fpp,1,0,0,1848.0,3,0.7241
0,0,0,0,1,94.0,1767,solo-fpp,0,0,0,131.0,1,0.1562
0,0,0,0,0,0.0,1850,squad-fpp,0,0,0,19.01,1,0.0
0,0,1,0,3,21.43,1389,duo-fpp,0,0,0,268.8,3,0.4167
0,1,0,2,1,171.4,1373,squad,0,0,0,711.5,5,0.4231
0,1,1,0,1,0.0,1876,duo-fpp,0,0,0,3097.0,5,0.7111
0,0,0,0,1,20.71,1360,duo-fpp,0,0,0,839.8,4,0.4375
0,0,0,1,2,15.61,1855,duo-fpp,0,0,0,342.4,2,0.1837
0,0,0,0,0,0.0,1410,duo-fpp,0,0,0,21.69,1,0.0208
0,0,0,0,4,80.37,1373,squad,0,0,0,2335.0,4,0.8889
0,0,0,0,1,1.69,1836,duo-fpp,0,0,0,134.0,2,0.1458
0,0,0,0,0,0.0,1418,solo-fpp,0,0,0,1586.0,10,0.7245
0,0,0,0,2,81.41,1234,squad-fpp,0,0,0,137.2,1,0.1923
0,6,0,4,1,271.2,2188,squad-fpp,1,0,0,2452.0,3,1.0
0,0,0,0,0,0.0,1309,squad-fpp,0,0,0,93.65,1,0.3571
1,2,0,0,0,0.0,1300,duo-fpp,0,0,0,200.4,3,0.2667
1,10,0,4,6,106.9,1882,duo-fpp,0,0,0,3252.0,5,0.913
0,0,0,0,1,11.3,1967,solo-fpp,0,0,0,412.8,1,0.4624
0,0,0,0,0,0.0,1444,solo-fpp,0,0,0,510.9,3,0.567
0,1,2,3,3,39.58,1974,duo-fpp,0,0,0,1751.0,4,0.4894
0,0,0,0,0,0.0,1365,squad-fpp,0,0,0,4.126,1,0.1724
0,0,0,0,0,0.0,1928,solo,0,0,0,182.4,0,0.1348
0,0,0,0,0,0.0,1386,solo-fpp,0,0,0,1118.0,3,0.734
1,0,0,0,0,0.0,1460,duo,0,0,0,21.6,1,0.125
0,0,0,0,2,25.42,1528,solo-fpp,0,0,0,389.0,5,0.7041
0,2,0,0,0,0.0,1898,squad-fpp,0,0,0,790.4,5,0.6071
0,0,0,0,0,0.0,1418,duo-fpp,0,0,0,831.7,2,0.5
2,5,1,3,5,33.78,1899,squad-fpp,0,0,0,5370.0,6,0.8846
0,0,0,0,0,0.0,1350,duo-fpp,0,0,0,175.1,2,0.3542
1,5,1,17,3,95.07,1805,squad-fpp,1,0,0,4158.0,7,0.9615
0,0,0,0,0,0.0,1414,duo-fpp,0,0,0,77.79,1,0.1064
0,0,0,0,0,0.0,1387,squad,0,0,0,1889.0,4,0.5385
0,1,0,3,3,14.22,1811,duo-fpp,1,0,0,1222.0,8,0.8085
